"Thank you for your help.","Gratitude"
"Thank you for your time.","Gratitude"
"I appreciate your help.","Gratitude"
"I'm grateful for your help.","Gratitude"
"Thank you for everything.","Gratitude"
"Thank you so much.","Gratitude"
"Thanks a lot.","Gratitude"
"Thanks.","Gratitude"
"Thank you.","Gratitude"
"Hello.","Greeting"
"Hi.","Greeting"
"Good morning.","Greeting"
"Good afternoon.","Greeting"
"Good evening.","Greeting"
"It was nice meeting you.","Goodbye"
"It was great meeting you.","Goodbye"
"It was a pleasure meeting you.","Goodbye
"Thank you for your help.","Gratitude"
"Thank you for your time.","Gratitude"
"I appreciate your help.","Gratitude"
"I appreciate your time.","Gratitude"
"Thank you for your assistance.","Gratitude"
"Thank you for your guidance.","Gratitude"
"Thank you for your support.","Gratitude"
"Thank you for being here.","Gratitude"
"I'm grateful for your help.","Gratitude"
"I'm grateful for your time.","Gratitude"
"I'm thankful for your help.","Gratitude"
"I'm thankful for your time.","Gratitude"
"Thank you for everything.","Gratitude"
"Thanks for everything.","Gratitude"
"Thanks for being here.","Gratitude"
"Thanks for your help.","Gratitude"
"Thanks for your time.","Gratitude"
"Hello, how are you?","Greeting"
"Hi, how are you?","Greeting"
"Good morning, how are you?","Greeting"
"Good afternoon, how are you?","Greeting"
"Good evening, how are you?","Greeting"
"Hello, my name is John."  "Greeting"
"Hi, my name is John."  "Greeting
"Thank you for your time." Gratitude
"I'm sorry for the inconvenience." Gratitude
"Thank you for your patience." Gratitude
"I appreciate your help." Gratitude
"Thank you for your cooperation." Gratitude
"Welcome!" Greeting
"Thank you for coming." Greeting
"Goodbye." Goodbye
"Hey there!",Greeting
"Thanks so much for your help!",Gratitude
"I really appreciate it!",Gratitude
"Thanks a lot!",Gratitude
"Thank you!",Gratitude
"Thanks!",Gratitude
"Thanks a lot!",Gratitude
"Bye for now!",Goodbye
"Take care!",Goodbye
"See you later!",Goodbye
"Talk to you soon!",Goodbye
"Thank you for your help." Gratitude
"Hello, how are you?" Greeting
"Goodbye, have a great day!" Goodbye
"Thank you for your time.","Gratitude"
"I appreciate your help.","Gratitude"
"Thank you for your help.","Gratitude"
"Thank you for your assistance.","Gratitude"
"Thank you for your input." ,"Gratitude"
"I'm grateful for your help." ,"Gratitude"
"Thank you for everything." ,"Gratitude"
"I couldn't have done it without you." ,"Gratitude"
"Thank you so much." ,"Gratitude"
"I'm very grateful." ,"Gratitude"
"Thanks a lot." ,"Gratitude"
"Thanks a million." ,"Gratitude"
"Thanks a bunch." ,"Gratitude"
"Many thanks." ,"Gratitude"
"Thank you very much." ,"Gratitude"
"You're a lifesaver." ,"Gratitude"
"Thank you, thank you, thank you!" ,"Gratitude"
"Welcome!" ,"Greeting"
"Hello!" ,"Greeting"
"Hi there!" ,"Greeting"
"Good morning!" ,"Greeting"
"Good afternoon!" ,"Greeting"
"Good evening!" ,"Greeting"
"It's nice to meet you." ,"Greeting"
"Pleased to meet you." ,"Greeting"
"How are you?" ,"Greeting"
"How's it going?" ,"Greeting"
"What's up?" ,"Greeting
"Thank you for your help.","Gratitude"
"Thank you for your time.","Gratitude"
"Thank you.","Gratitude"
"Thank you very much.","Gratitude"
"I appreciate it.","Gratitude"
"Thank you for your help.","Gratitude"
"Thank you for your time.","Gratitude"
"I hope you have a great day." Greeting
"Take care." Goodbye
"Hello, and welcome!",Greeting
"Thank you so much for coming!",Gratitude
"We're so glad you could join us!",Gratitude
"Thank you for your time.",Gratitude
"I appreciate your help.",Gratitude
"Thanks for everything!",Gratitude
"Goodbye, and thanks again!",Goodbye
"Thank you for your help." Gratitude
"I'm sorry for the inconvenience." Gratitude
"Thank you for your time." Goodbye
"It was nice meeting you." Goodbye
"Take care." Goodbye
"Thank you for your time." Gratitude
"It was great to meet you." Goodbye
"I look forward to hearing from you soon." Greeting
Hello,Greeting
Thanks for your help,Gratitude
Goodbye,Goodbye
"Thank you for your time.","Gratitude"
" Goodbye.","Goodbye"
" It was nice meeting you.","Goodbye"
" See you soon.","Goodbye"
" Have a good day.","Goodbye"
" I appreciate your help.","Gratitude"
"Thank you for your help." "Gratitude"
"Thank you for your patience." "Gratitude"
"Thank you for your understanding." "Gratitude"
"Thank you for your cooperation." "Gratitude"
"Thank you for your consideration." "Gratitude"
"Thank you very much." "Gratitude"
"Thank you so much." "Gratitude"
"Many thanks." "Gratitude"
"Thank you kindly." "Gratitude"
" I look forward to hearing from you soon.","Greeting"
" Please let me know if you have any questions.","Greeting"
Hi,Greeting
Hello,Greeting
How are you,Greeting
I'm doing well, thanks,Gratitude
Thank you,Gratitude
I appreciate your help,Gratitude
You're the best,Gratitude
Goodbye, Goodbye
"Hello, how are you doing?",Greeting
"Thank you for your help.",Gratitude
"Goodbye, have a nice day.",Goodbye
Hello,,Greeting
Hi,,Greeting
Good morning,,Greeting
Thank you,,Gratitude
Thank you very much,,Gratitude
I appreciate it,,Gratitude
Thanks,,Gratitude
Thanks a lot,,Gratitude
Thanks so much,,Gratitude
Take care,,Goodbye
Bye,,Goodbye
See you later,,Goodbye
See you soon,,Goodbye
Have a nice day,,Goodbye
"Thank you for your help."Gratitude
"I really appreciate it."Gratitude
"You've been a great help."Gratitude
"Thank you for your time."Gratitude
"I'm grateful for your help."Gratitude
"Thank you so much."Gratitude
"Thanks a lot."Gratitude
"Thanks."Gratitude
"Thank you."Gratitude
"I appreciate it."Gratitude
"May the force be with you",Greeting
"I would like to express my gratitude for your help",Gratitude
"Thank you for your time",Gratitude
" Goodbye and good luck",Goodbye
"Thank you for your time." Gratitude
"It was nice meeting you." Goodbye
Hello, Greeting
Thank you very much, Gratitude
Goodbye, Goodbye
"Hello, how are you doing?",Greeting
"Thank you for your help.",Gratitude
"Goodbye, have a great day!",Goodbye
"Thanks so much for your help!",Gratitude
"Thank you for your help." Gratitude
"I'm sorry for the inconvenience." Gratitude
"Thank you for your patience." Gratitude
"Thank you for your time." Gratitude
"I appreciate your help." Gratitude
"Thanks for your help." Gratitude
"Thank you." Gratitude
"Thanks." Gratitude
"Thank you very much." Gratitude
"I'm grateful for your help." Gratitude
"Thank you so much." Gratitude
Hey there!,Greeting
Thanks for your help!,Gratitude
Take care!,Goodbye
"Hello, how are you doing?",Greeting
"Thank you for your help.",Gratitude
"Goodbye, best of luck to you.",Goodbye
Hi, how are you?,Greeting
I'm doing great, thanks for asking!,Gratitude
Bye for now!,Goodbye
Hello, how are you doing?",Greeting
"Thank you for your help.",Gratitude
" Goodbye and thanks for all the fish!",Goodbye
"Hello, how are you doing?",Greeting
"Thank you so much for your help!",Gratitude
"Goodbye, have a great day!",Goodbye
Hi,Greeting
Thanks so much,Gratitude
Bye for now,Goodbye
Hello,Greeting
my friend,Greeting
It's nice to see you,Greeting
Thank you so much,Gratitude
I really appreciate it,Gratitude
Thank you for your help,Gratitude
Goodbye,Goodbye
"Hello, how are you?","Greeting"
"Thank you so much for your help!","Gratitude"
" Goodbye and good luck!","Goodbye"
"Thank you for your help." Gratitude
"Please let me know if there's anything I can do to help you." Gratitude
"Hi, how are you doing?" Greeting
"Goodbye, have a great day!" Goodbye
